id,name,shortName,relativeSpeed,rainEnabled,carIds
0,Hosted All Cars Class,Hosted All Cars,100,false,1|2|3|4|5|10|13|18|20|21|22|23|24|25|26|27|28|29|30|31|33|34|35|36|37|38|39|40|41|42|43|44|45|46|48|49|50|51|52|54|55|56|57|58|59|60|61|62|63|64|67|69|70|71|72|73|74|76|77|78|79|80|81|82|83|84|85|86|87|88|89|91|92|93|94|95|96|98|99|100|101|102|103|104|105|106|107|109|110|111|112|113|114|115|116|117|118|119|120|121|122|123|124|125|127|128|129|131|132|133|134|135|137|138|139|140|141|142|143|144|145|146|147|148|149|150|151|152|153|154|155|156|157|158|159|160|161|162|163|164|165|167|168|169|170|171|172|173|174|175|176|178|179|180|181|182|183|184|185|186|187|188|189|190|191|192|193|194|195|196|198|199|200|201|202|203|204|205|206|207|208|210|211|213|214|215|216
1,Skip Barber Race Series,SBRS,40,true,1
2,SK Modified,SK Modified,51,false,2
3,Solstice,Solstice,25,false,3
4,Pro Mazda,Pro Mazda,55,false,4
5,Legends,Legends,38,true,5
12,[Retired] - Rookie Legends,[R] Rookie Lgnds,20,false,11
13,Rookie Solstice,Rookie Solstice,15,false,10
14,[Retired] Monte Carlo SS,[R] Late Model,50,false,12
15,Radical SR8,SR8,70,false,13
16,Silver Crown,Silver Crown,180,false,18
17,Silverado,Truck,60,false,20
18,Riley Daytona Prototype,Riley DP,90,false,21
19,Impala SS Class A,Cup,80,false,22
20,Spec Racer Ford,SRF,36,false,23
21,[Legacy] ARCA Series,[L] ARCA Series,53,false,24
22,Lotus 79,Lotus 79,125,true,25
23,Corvette C6R GT1,C6R GT1,85,false,26
24,VW Jetta TDI Cup,Jetta TDI,33,false,27
25,FG01 V8 - circa 2012,V8SC,75,false,28
26,[Legacy] Dallara IR-05,[L] DallaraIR05,150,false,29
28,Ford Mustang FR500S,FR500S,38,true,30
29,Whelen Modified,Whelen Modified,100,false,31
30,Williams FW31,Williams FW31,200,false,33
31,Mazda MX-5,MX-5,33,false,34|35
32,Mazda MX-5 Cup,MX-5 Cup,33,false,34
33,Mazda MX-5 Roadster,MX-5 Roadster,33,false,35
34,Street Stock - Panther C1,StreetStock PC1,45,false,36
35,Sprint Car,Sprint Car,195,false,37
36,Impala Class B,Impala Class B,65,false,38
40,HPD ARX-01c,HPD ARX-01c,130,false,39
41,Ford GT,Ford GT,51,false,40
45,Cadillac CTS-VR,Cadillac CTS-VR,50,false,41
46,Lotus 49,Lotus 49,120,true,42
47,[Legacy] McLaren MP4-12C GT3,MP4-12C,52,true,43
48,Kia Optima,Kia Optima,46,false,44
49,Chevrolet SS-Gen6,SS-Gen6,81,false,45
50,NASCAR Cup,NASCAR Cup,81,false,56|103|110
51,Ford Fusion,Ford Fusion,81,false,46
52,Ruf RT 12R,Ruf RT 12R,52,false,48|49|50|52
53,Ruf RT 12R AWD,Ruf RT 12R AWD,48,false,48
54,Ruf RT 12R RWD,Ruf RT 12R RWD,45,false,49
55,Ruf RT 12R Track,Ruf RT 12R Track,52,false,50
56,Mustang Class B,Mustang Class B,65,false,51
57,[Legacy] Xfinity Series,[L] Xfinity,65,false,51|58|69
58,Ruf RT12R CSpec,Ruf RT12R CSpec,50,false,52
59,[Legacy] GT3 Class 3,[L] GT3 Class 3,52,false,43|55|59|72|73|94|156
60,Super Late Model,Super Late Model,55,false,54
61,[Legacy] BMW Z4 GT3,[L]  BMW Z4,52,false,55
62,Toyota Camry-Gen6,Camry-Gen6,81,false,56
63,Dallara DW12,DW12,150,false,57
64,Chevrolet Camaro Class B,Camaro Class B,65,false,58
65,Ford GT GT3,Ford GT GT3,52,true,59
66,[Legacy] Holden VF Commodore V8,[L] Holden V8,75,false,60
67,[Legacy] V8Supercars,[L] V8Supercars,75,false,60|61
68,[Legacy] Ford Falcon FG V8,[L] Ford FG V8,75,false,61
69,[Retired] Toyota Tundra,[Retired] Tundra,60,false,62
70,[Retired] Chevrolet Silverado,[R] Chevy Silver,60,false,63
71,NASCAR Truck Series,NASCAR Trucks,60,false,111|123|155|211
72,Aston Martin,Aston Martin,85,false,64
73,GT1 Class,GT1 Class,85,false,26|64
74,Mazda MX-5 Cup 2016,MX5 Cup 2016,35,true,67
76,Toyota Camry 2015,Camry 2015,81,false,69
77,Corvette C7 Daytona Prototype,C7 DP,126,false,70
78,McLaren MP4-30,McLaren MP4-30,196,false,71
79,[Legacy] Mercedes-AMG GT3,[L] AMG GT3,52,false,72
80,[Legacy] Audi R8 GT3,[L] Audi R8 GT3,52,false,73
81,Formula Renault 2.0,Renault 2.0,50,false,74
82,[Legacy] GT3 German,[L] GT3 German,52,false,55|72|73
83,Audi 90 GTO,Audi 90 GTO,51,true,76
84,Nissan GTP,Nissan GTP,135,true,77
85,Dirt Late Model - Limited,DLM Limited,40,false,78
86,Dirt Street Stock,Dirt StreetStock,30,false,79
87,Dirt SprintCar - 305,DSC 305,50,false,80
88,Ford Fiesta RS WRC,Ford RS WRC,100,false,81
89,Dirt Legends,Dirt Legends,20,false,82
90,Dirt Late Model - Pro,DLM Pro,70,false,83
91,Dirt Late Model - Super,DLM Super,80,false,84
92,Dirt SprintCar - 360,DSC 360,100,false,85
93,Dirt Sprintcar - 410,DSC 410,110,false,86
94,Dirt SprintCar - 410wingless,DSC 410W,90,false,89
95,[Legacy] Porsche 911 GT3 Cup,[L] Porsche 911,51,false,88
96,Dirt SprintCar - 360wingless,DSC 360W,60,false,87
97,VW Beetle GRC,VW Beetle GRC,50,false,91
98,Ford GT - 2017,Ford GT - 2017,70,true,92
99,Ferrari 488 GTE,Ferrari 488 GTE,70,true,93
100,GTE Class,GTE Class,70,true,92|93|102|109|127
101,IMSA GT3,IMSA GT3,52,false,72|73|94
102,[Legacy] Ferrari 488 GT3,[L]Ferrari488GT3,52,false,94
103,Dirt UMP Modified,Dirt UMP Mod,70,false,95
104,Dirt Midget,Dirt Midget,40,false,96
105,Rallycross,Rallycross,45,false,81|91|101
107,USAC Sprint,USAC Sprint,75,false,87|89
113,Audi R18,Audi R18,180,false,98
114,[Legacy] GT3 Bathurst,[L] GT3 Bathurst,52,false,43|55|72|73|94
115,Porsche 919,Porsche 919,180,false,100
116,LMP1 Class,LMP1 Class,180,false,98|100
117,Dallara IR18,Dallara IR18,150,true,99
471,Subaru WRX STI,Subaru WRX STI,52,false,101
472,Porsche 911 RSR,Porsche 911 RSR,70,true,102
473,IMSA2 GT3,IMSA2 GT3,52,false,72|73
696,Chevrolet Camaro ZL1,Camaro ZL1,81,false,103
870,Dallara F3,Dallara F3,90,false,106
871,Formula Renault 3.5,Renault 3.5,120,false,105
1105,BMW M8 GTE,BMW M8 GTE,70,true,109
1275,Ford Mustang - 2019,Ford Mustang,81,false,110
1276,Silverado - 2019,Silverado - 2019,60,false,111
1277,Pro 2 Truck,Pro 2 Truck,51,false,104
1278,Pro 4 Truck,Pro 4 Truck,53,false,107
1279,[Legacy] NASCAR Cup,[L]  NASCAR Cup,81,false,45|46
1450,[Legacy] Audi RS 3 LMS TCR,[L] Audi RS3LMS,45,true,112
1451,NASCAR O'Reilly Chevrolet Camaro 2019,Camaro 2019,65,false,114
1452,NASCAR O'Reilly Ford Mustang 2019,Mustang 2019,65,false,115
1453,NASCAR O'Reilly Toyota Supra 2019,Supra 2019,65,false,116
1454,Pro 2 Lite Truck,Pro 2 Lite Truck,45,false,113
1455,NASCAR O'Reilly Series,O'Reilly Series,65,false,114|115|116
1613,Holden ZB Commodore V8 - 2019,Holden - 2019,75,false,117
1614,[Legacy] Supercars Ford Mustang GT - 2019,Ford GT - 2019,75,false,118
1615,Supercars - 2019,Supercars - 2019,75,false,117|118
1860,Porsche 718 Cayman GT4 Clubsport MR,Porsche 718,49,true,119
2040,GTE Class 2,GTE Class 2,70,true,102|109
2041,GT3 Class 2,GT3 Class 2,52,false,72|144
2070,[Legacy] GT3 Nurb,[L] GT3 Nurb,52,false,55|72|73|94
2264,BMW M4 F82 GT4 - 2018,BMW M4 GT4,49,true,122
2265,Indy Pro 2000 PM-18,Pro 2000 PM-18,55,false,120
2266,USF 2000,USF 2000,45,false,121
2267,Ford F150,Ford F150,60,false,123
2268,GT4 Class,GT4 Class,49,true,119|135|150|157|189|204
2269,NASCAR Legends 1987,NASCAR 1987,52,false,124|125|154|175
2270,NASCAR Legends Chevrolet Monte Carlo - 1987,1987 Monte Carlo,50,false,124
2271,NASCAR Legends Ford Thunderbird - 1987,1987 Ford T-bird,50,false,125
2522,Corvette C8.R GTE,Vette C8.R GTE,60,true,127
2523,Dallara P217,Dallara P217,150,true,128
2524,GTE IMSA,GTE IMSA,70,true,93|102|109|127
2525,GTE Class 3,GTE Class 3,70,true,92|93|102|127
2704,Dallara iR-01,Dallara iR-01,196,false,129
2705,Lamborghini Huracán GT3 EVO,Lambo Huracán,52,true,133
2706,Dirt Big Block Modified,Dirt BB Modified,65,false,131
2707,Dirt 358 Modified,Dirt 358 Mod,60,false,134
2708,GT3 Class,GT3 Class,52,true,132|133|156|169|173|176|184|185|188|194|206
2709,GTD Class,GTD Class,52,true,132|133|169
2742,BMW M4 GT3 EVO,BMW M4 GT3 EVO,52,true,132
2916,McLaren 570S GT4,McLaren 570S GT4,49,true,135
2936,GT3 Nurb 2,GT3 Nurb 2,52,false,72|73|132
2937,GT3 Class 4,GT3 Class 4,52,false,94|132|133
2974,GT4 Nurb,GT4 Nurb,49,true,119|122
2975,Chevrolet Camaro ZL1 - NextGen,Camaro ZL1 NGC,81,false,139
2976,Ford Mustang - NextGen,Mustang NGC,81,false,140
2977,Toyota Camry - NextGen,Toyota NGC,81,false,141
2978,NASCAR 2022 NextGen,NASCAR 2022 NG,81,false,139|140|141
3000,[Legacy] Porsche 911 GT3 R,[L] Porsche911,50,false,137
3001,VW Beetle Lite,VW Beetle Lite,40,false,138
3002,Formula Vee - Classic,FVee - Classic,20,true,142
3022,GT3 Class 5,GT3 Class 5,52,false,132|133|137
3104,Porsche 911 GT3 Cup (992),Porsche 992,51,true,143
3105,Ferrari 488 GT3 Evo 2020,Ferrari Evo GT3,52,false,144
3185,Mercedes-AMG W12 E Performance,AMG W12 E,220,false,145
3186,Hyundai Elantra N TCR,Elantra N TC,45,true,146
3187,Honda Civic Type R TCR,Civic Type R,45,true,147
3188,FIA F4,FIA F4,47,true,148
3189,Touring Car,Touring Car,45,true,146|147|153|210
3190,IMSA22,IMSA22,52,false,43|73|132|133|137|144|156
3239,Aston Martin Vantage GT4,Aston Martin GT4,49,true,150
3240,Stock Car Brasil Chevrolet Cruze,Chevrolet Cruze,65,false,151
3241,Stock Car Brasil Toyota Corolla,Toyota Corolla,65,false,152
3242,Hyundai Veloster N TCR,Veloster N TC,45,true,153
3243,NASCAR Legends Buick LeSabre 1987,Buick LeSabre 87,50,false,154
3244,Toyota Tundra TRD Pro,Tundra TRD Pro,60,false,155
3245,Stock Car Brasil,Stock Car Brasil,65,false,151|152
3283,Radical SR10,Radical SR10,80,false,149
4000,Mercedes-AMG GT3 2020,AMG GT3 2020,52,true,156
4001,Nurburgring 2022 GT3,Nurb22 GT3,52,false,72|132|137
4002,Nurburgring 2022 GT4,Nurb22 GT4,49,true,122|150
4003,Nurburgring 2022 Touring,Nurb22 Touring,45,true,112|153
4004,Mercedes-AMG GT4,AMG GT4,49,true,157
4005,NECGT3,NECGT3,52,true,132|156
4006,NECGT4 Class,NECGT4 Class,49,true,119|150
4007,NECTCR Class,NECTCR Class,45,true,112|146
4008,IMPCGT4 Class,IMPCGT4 Class,49,true,119|122|135|150|157
4009,Porsche Mission R,Porsche MissionR,70,false,158
4010,BMW M Hybrid V8 (Evo),BMW M Hybrid V8,165,true,159
4011,IMSA23,IMSA23,52,true,132|133|156|169|173|184|185|188|194|206
4012,Toyota GR86,Toyota GR86,38,true,160
4013,Mercedes-AMG W13 E Performance,Mercedes-AMG W13,219,false,161
4014,RoarTouringCar,RoarTouringCar,45,true,112|146|147
4015,Renault Clio,Renault Clio,37,true,162
4016,Ray FF1600,Ray FF1600,43,true,163
4017,Late Model Stock,Late Model Stock,51,false,164
4018,Ligier JS P320,Ligier JS P320,72,true,165
4020,Crev23,Crev23,45,true,146|147
4021,[Legacy] Gen 4 Cup,[L] Gen 4 Cup,83,false,167
4022,NECGT323,NECGT323,52,true,132|156|169|173
4023,NECGT423,NECGT423,49,true,119|122|150
4024,Cadillac V-Series.R GTP,Cadillac VSRGTP,165,true,168
4025,Porsche 911 GT3 R (992),Porsche 992GT3R,52,true,169
4029,GTP,GTP,179,true,159|168|170|174|196
4031,Acura ARX-06 GTP,Acura ARX-06 GTP,165,true,170
4032,Super Formula SF23 - Toyota,Super SF23T,160,true,171
4033,Super Formula SF23,Super SF23,160,true,171|172
4034,Super Formula SF23 - Honda,Super SF23H,160,true,172
4035,Ring Meister 2023,RingMeister23,52,true,156
4036,Ferrari 296 GT3,Ferrari 296 GT3,52,true,173
4037,Porsche 963 GTP,Porsche 963 GTP,165,true,174
4038,NASCAR Legends Pontiac Grand Prix - 1987,Pontiac GP 1987,50,false,175
4039,Ring Meister 2023S4,RingMeister23S4,56,true,42
4040,Draft Master,DraftMaster,52,false,139|140|141|201|202|211
4042,Shiny New Shakedown 2023 S4,Shiny 2023S4,50,true,150
4043,French Connection 2023 S4,French Co 2023S4,50,true,5
4044,Shake Up 2023 S4,Shake Up 2023S4,50,false,80
4046,Audi R8 LMS EVO II GT3,Audi R8 EVO2 GT3,52,true,176
4048,Ring Meister,RingMeister,52,false,40|44|76|106|112|146|147|149|153|160|203|204|205|206|208|213
4049,Super Formula Lights,SF Lights,95,true,178
4050,SRX,SRX,47,false,179
4051,Millbridge23,Millbridge23,40,false,183
4052,Dirt Micro Sprint Car - Winged,DMS Winged,42,false,180
4053,Dirt Micro Sprint Car - Non-Winged,DMS Non-Winged,32,false,181
4055,NECGT324,NECGT324,52,true,132|133|156|169|173|176
4056,NECGT424,NECGT424,49,true,119|150|157|189
4057,NECTCR24,NECTCR24,45,true,146|147
4058,Dirt Outlaw Micro Sprint Car - Winged,Outlaw - Winged,45,false,182
4059,Dirt Outlaw Micro Sprint Car - Non-Winged,Outlaw NonWinged,35,false,183
4060,Chevrolet Corvette Z06 GT3.R,Corvette Z06GT3R,52,true,184
4061,Ford Mustang GT3,Ford Mustang GT3,52,true,185
4062,Street Stock - Casino M2,StreetStock CM2,45,false,186
4063,Street Stock - Eagle T3,StreetStock ET3,45,false,187
4064,Street Stocks,Street Stocks,45,false,36|186|187
4066,McLaren 720S GT3 EVO,720S EVO GT3,52,true,188
4067,BMW M4 G82 GT4,BMW M4 EVO GT4,49,true,189
4068,Supercars Ford Mustang Gen 3,Mustang Gen 3,75,true,190
4069,Mini Stock,Mini Stock,100,false,191
4070,Supercars Chevrolet Camaro Gen 3,Camaro Gen 3,75,true,192
4071,Dirt Mini Stock,Dirt Mini Stock,40,false,193
4072,Acura NSX GT3 EVO 22,NSX GT3 EVO22,52,true,194
4073,BMW M2 CS Racing (F87) - 2020,BMW M2 CS Racing,42,true,195
4074,Ferrari 499P,Ferrari 499P,165,true,196
4075,WoO Pro Series,WoO Pro Series,95,false,84
4076,Supercars Gen 3,Supercars Gen 3,75,true,190|192
4077,ARCA Chevrolet SS,ARCA Chevy SS,53,false,198
4078,ARCA Ford Mustang,ARCA Mustang,53,false,199
4079,ARCA Toyota Camry,ARCA Camry,53,false,200
4080,Gen 4 Chevrolet Monte Carlo - 2003,Gen 4 Chevy MC,80,false,201
4081,Gen 4 Ford Taurus - 2003,Gen4 Ford Taurus,80,false,202
4082,Ferrari 296 Challenge,Ferrari 296 C,51,true,203
4083,NEC GT3 2025,NEC GT3 2025,52,true,132|133|156|169|173|176|185
4084,NEC GT4 2025,NEC GT4 2025,49,true,119|150|157|189
4085,NEC TCR 2025,NEC TCR 2025,45,true,146|147|210
4086,ARCA,ARCA,53,false,198|199|200
4087,NASCAR 2003 Gen 4,NASCAR Gen 4,80,false,201|202
4088,Ford Mustang GT4,Ford Mustang GT4,49,true,204
4089,Dallara IL15,Dallara IL15,105,true,205
4090,Aston Martin Vantage GT3 EVO,AMV GT3 EVO,52,true,206
4091,GT3 2025,GT3 2025,52,true,132|133|156|169|173|176|184|185|188|194|206
4092,FIA Cross Car,FIA Cross Car,100,false,207
4093,Porsche 911 Cup (992.2),Porsche 992.2,51,true,208
4095,Mountain Showdown Car Class,MountainShowdown,52,false,1|13|106|160|216
4096,Audi RS3 LMS Gen2 TCR,Audi RS3LMS G2,45,true,210
4097,NASCAR Truck Ram,NASCAR Ram,60,false,211
4098,NEC GT3 2026,NECGT3 2026,52,true,132|133|156|169|173|185|206
4099,NEC PCup 2026,NECPCup 2026,51,true,208
4100,NEC GT4 2026,NECGT4 2026,49,true,119|150|157|189
4101,NEC TCR 2026,NECTCR 2026,45,true,146|147|210
4102,NEC M2 Cup,NEC M2 Cup,42,true,216
4104,EURO NASCAR V8GP,EURO NASCAR V8GP,44,true,213
4105,Formula Vee - Sabre,FVee - Sabre,20,true,214
4106,Formula Vee - Conqueror,FVee - Conqueror,20,true,215
4107,Formula Vees - Base,Formula Vees,20,true,142|214|215
4108,BMW M2 Racing (G87),BMW M2 G87,41,true,216
4109,Crev GT3 2026,Crev GT3 2026,52,true,132|133|156|169|173|176|184|185|206
4110,Crev PCup 2026,Crev PCup 2026,51,true,208
4111,Crev GT4 2026,Crev GT4 2026,49,true,119|135|150|157|189|204
